﻿id,88a3d394b94f9352754f1877a90865ae,d67571ecb4818c7e4e05fd27b8712cd1
id,"รหัส พนง.",ชื่อ-นามสกุล
cd22ed3128be11f6b37da88f2e0421f4,100655,"นาย หลวง นามยี่"
8fe3317ef867fbc83af77579c962797e,101313,"นาย ไพโรจน์ เมธีกิตติคุณ"
1367bdd2dcac7b580f762e0adc8eebad,102380,"นาย สุชาติ อภิจรัสโรจน์"
813bb2a301933700cf6e3108b0e19f01,104507,"นาย บูรพา โสภณเกิดสิริ"
bbe7ccd95f856d6c6bd9cf66de0c9f08,104508,"นาย พีรศักดิ์ เชอหมื่อ"
7f8aa611a4ba39171da2b0148ddb04cc,105121,"นาย พิทยา อยู่ลือ"
c406d1274874405994c37db64b98bb70,105388,"นางสาว พิมพ์นารา สุยะ"
2e365f158b007001120ba786b09da736,105650,"นาย ศุภกิจ พิมลเลิศมงคล"
cd7821a91b74fe0aac9f4ad8a0a5a3d9,105948,"นาย ไพบูลย์ ภญาแก้ว"
1ca30c3fcabb13a7395fa5fc68b966b9,106476,"นาย สมจิตร วิบูลย์พันธ์ทิพย์"
46b76440abde0dd3e9eb114bb9219ee0,106477,"นาย ชาญวิทย์ โสภณเอื้ออำนวย"
6157b7c9a7bf99f4c93520dbdfb03dba,106478,"นาย อาก่า อยู่ลือ"
69f7b553813e4bfa62b81f87777a3e61,106479,"นาย วิทยา ไมเยอะ"
b8cd580340a62d33bc323d1bce51d263,106744,"นาย พนธกร ไมเยอะ"
864f4ad8b20240cb25e251f51add16ab,106781,"นาย อภิสิทธิ์ จัตุปา"
48a121112bdbe23f5fbd8285f8073c5d,106983,"นาย ธนวิชญ์ ธิรินทอง"
ba2fb70d7f725872a43da260a72e47a6,107033,"นาย เกรียงไกร มาเยอะ"
22e099474cd87f7b6624e584b63928e4,106681,"นาย ประเสริฐ วิเศษเพิ่มพร"
c9b722c3e012c2d1adc9a652929017de,105983,"นาย ภานุมาศ เชอมือ"
f1c1b40971c9a3b7eca8b7ea18457e98,107401,"นางสาว นฤมล จันปวนหาร"
488aa3a3675c68e378ad6a60fe5496ed,107518,"นาย อาทิตย์ เพ็งโคตร"
e2a1eda5f97bcf34c131c563051e7ccd,106239,"นาย อนุพงศ์ บุญจันทร์"
4c4a343be19240a5505ae4cd678f4628,100354,"นาย นิวัติ แก้วลาดวงค์"
74b459cc53a7f28803171297b3a338e6,104400,"นาย กนกพล เชิดทองหลาง"
8f841fbc96eafc976baf5a207e5bba15,100560,"นางสาว รุจิกร ออนตะไคร้"
7b7f07d8935e12e7bc8f394ab7ba44cd,102244,"นางสาว คำนวล หนานใส่"
a61c5ffa84c56560db113a92e04f0251,103525,"นางสาว อรจิรา ออนตะไคร้"
3cf2b404910789ea27777d3f1daa06df,102232,"นางสาว ปุญญิศา สุยะพันธ์"
7baf19d00e1e4bfa1d79031b0b5573f6,107273,"นางสาว อัญมณี ประสิทธิ์"
78ab5604d29a597e47396cfe6d09fe45,106188,"นางสาว จินตนา ยศแก้ว"
e49e5b71bb745e606f286ab66d8450c8,104316,"นางสาว จุไร จิตจินดาชื้น"
b5a9dc4c639fd93e152c1a1361b8dfe9,102702,"นาย อนุสรณ์ รัตนพงศ์ภรณ์"
3061b1d4df06ad61c098b57cc8266061,102735,"นาย พงษ์สวัสดิ์ พรสกุลไพรศาล"
d5390626480c63ce94ae69ae7ca5f070,100597,"นาง จิราลักษณ์ วงษ์สวรรค์"
f38a4cd3a23bdc76656150b72d0e49af,107320,"นางสาว ชนกนันท์ พูลนิ่ม"
d7d051ae8543dc1f402e00a90cd0525f,106594,"นางสาว อารีวรรณ กิตติวัฒน์"
a0814a3e0c49f0581143de254cb55b7b,ไม่ระบุ,"โปรดติดต่อ Admin ศูนย์ส่งเสริมเพื่อทำการติดตามข้อมูล"
