﻿id,462b1b47940b0f552c916d1647b80c50,c027a96edaa6047994fc34e1bcd712a3
id,ประเภทกาแฟ,ราคา
50603fc534366453e53b0a1b6a5a6117,โรบัสต้า,15
591658d1f4aaa3fcffde21ac6c926934,"อาราบิก้า GI",18
2db33e8d56f6440d70c304740519f4c1,"อาราบิก้า Non-GI",18
17a6393de985c08b264da956e82f8da2,จาวา,0
dc57137f4454f8d6a0a8f7cbf6974b44,กาโย่,0
743c6799921d0fa78e216f2e97c7faee,ทิปปิก้า,0
81c86137166cbc1c43c01dd991a73148,โรบัสต้า-แปลงทดลอง,0
232b8b7349b2cef970166c9ce2c9b43f,แคททูร่าจี-CaturraG-แดง,0
4888b299f1afa337236469aa7acb39d2,แคททูร่าจี-CaturraG-เหลือง,0
458f8306a5463279943d7e9e226cc991,แคททูร่าพี-CaturraP-แดง,0
8f0dd06a0438f75e419c086428655f0f,แคททูร่าพี-CaturraP-เหลือง,0
9bf089d3d17d3985cadc96ee9c9fbf24,โทพาซิโอ้-Topazio-แดง,0
c381d225af8a590986698610d0992123,โทพาซิโอ้-Topazio-เหลือง,0
4be1a6f0607531e48a8d05a072a9cd86,คัสติโล่-Castillo-แดง,0
969d4bbd261feb7080ffdf2ed284938e,คัสติโล่-Castillo-เหลือง,0
46df6c5bf1774b4413456cbbea288ec1,คาติกวา-Catigua-แดง,0
bc317dff67d6ccf0a79ea15f73985fcd,คาติกวา-Catigua-เหลือง,0
d5eb5185ea58b6feccc4ec843a988a89,พาไรโซ่-Paraiso-แดง,0
05f402bcda19d7d26359860045b420b7,พาไรโซ่-Paraiso-เหลือง,0
8cd06524da0cc370bcaae913007e3a61,อะคาว่า-Acaua-แดง,0
25b38b10338f4d91bc7092a1865a786c,อะคาว่า-Acaua-เหลือง,0
4bb1828dd693f504b2a92e5eaf44e2fd,เกช่า-Gesha-แดง,0
97b886922acb6216ce48d5aefed6de0e,เกช่า-Gesha-เหลือง,0
d81a1d615657bfaad2713e7891af27db,ทิปปิก้า-Typica-แดง,0
ae2f2a07e540092a734210b70fc12b77,ทิปปิก้า-Typica-เหลือง,0
72411a2083615a36296ece39c1b4d4f4,"อาราบิก้า ไม่ระบุ",18
