﻿id,88f0d8844e11a608b20aeabeee8fc43a,a05a193a2cc7902e8aef7c5add9b496a,d4b6fd83b19b6aa77aeb3ad914dc4fb7,e1a3a957b14717c94f99aa937c2752ba,930736ebf29d24906c1937340d2a0d91
id,รหัสเกษตรกร,ชื่อ,หมู่บ้าน,เกรด,หนี้สินสุทธิ
3926153f86958185f1637585b406b296,2050051,"นายชุมพร กิตติศิริกุล",ขาแหย่งพัฒนา,B,0
29565bb0e71893a10087166ecb0c97ea,2050252,"นางนากอ ประกายพร",ขาแหย่งพัฒนา,B,0
236af4a822d0a69d813c51b061eb8aa8,2050260,"นางมะลิ ประกายพร",ขาแหย่งพัฒนา,B,0
b354682ad890de9fd310ed62b018182e,2050262,"นางนาบู ลิซือ",ขาแหย่งพัฒนา,B,0
9e003d3359618c3558cd926b5b8e2789,2050282,"นายสันติ จรูญขจรวสิน",ขาแหย่งพัฒนา,B,0
cbb007eafd788ceaa613160d9d00af94,2050350,"นางน้ำผึ้ง ศิริ",ขาแหย่งพัฒนา,B,0
301ab41953d6bc7a121e44fd20b53262,2160009,"นายจะทอ ศิริ",ขาแหย่งพัฒนา,B,0
74cfcb7666e3b02bb1caa2041badec92,2160011,"นายมานพ ศิริ",ขาแหย่งพัฒนา,B,0
240f9ead98fa562145684426c9874ab5,1030003,"นายโกวิทย์ นันทบวรเกียรติ",ป่าคา,C,0
ac82622cebd81bb36934f49e22529d10,1030006,"นางวันเพ็ญ ศักดิ์สกุลมงคล",ป่าคา,B,0
1591ee1844015eb8669b9125413c6b42,1030009,"นางกาญจนา นันทบวรเกียรติ",ป่าคา,C,0
e00414eed1a5e8f389e86c4aa1a50210,1030012,"นางจันทร์เพ็ญ ศักดิ์สกุลมงคล",ป่าคา,B,0
5b8f67daa96947d94291e70dedaa037d,1030018,"นายธงชัย เพิ่มพรจิรชัย",ป่าคา,C,0
d796d7f69f3cd5e485a7a6f7683a4321,1030031,"นางกมลา สกุลปรีชารัตน์",ป่าคา,C,0
fc3dd7f8769e467bd74eefc5256b47fb,1030039,"นางคำ สุกลลิขิตสุข",ป่าคา,C,0
43e6eb09867b73229929348731603114,1030045,"นายพรชัย ปรีชาสถาพรกุล",ป่าคา,C,0
946d2f9f3662933084ecd307ef231e32,1030054,"นายชาติชาย นันทบวรเกียรติ",ป่าคา,C,0
aae3ae5ab6527f65b01e3d09f058cc2d,1030060,"นายอำพล สกุลประสบสุข",ป่าคา,C,0
5b7b4863d278c7b444b025db77954be4,1030070,"นายอภิชาติ มงคลโรจน์กุล",ป่าคา,C,0
66e52a6c31fd07e0dcb30855066b58e7,1030075,"นางนิภาพร ปรีชาสถาพรกุล",ป่าคา,C,0
da92a44cb9f2dab7e3399d144ce959ca,1030080,"นายลีผ่า แลเชอะ",ป่าคา,C,0
99f56c766d7e25550e14d70f47ee2ffb,1030085,"นายศักดิ์สิทธิ์ ใจกุศลดำรงค์",ป่าคา,C,0
cf60c9d386bca0cea6540369d3eb471a,1030095,"นายสมพงษ์ มงคลโรจน์กุล",ป่าคา,C,0
052cfadc99e6a30b0997ba7262804910,1030109,"นางสุรีย์ สกุลมหาลาภ",ป่าคา,C,0
51600dacccc0e494e7334b6240ff7de7,1030110,"นางนารี สกุลชีวกิจ",ป่าคา,B,0
b10a45083715bef70bf8a6334678ad93,1030114,"นายมงคล มงคลโรจน์กุล",ป่าคา,B,0
b304ea19a25cfccc4a799229ff8131fe,1030118,"นางศรีบุญ สกุลประสบสุข",ป่าคา,B,0
ac4cc7e938f74424248b72bd14e4ef86,1030120,"นายอาฉะ เชอหมื่อ",ป่าคา,B,0
437af11e838cbf100f3e25a0e4d9b21c,1030124,"นางอนงค์ โชคสถาพรสิน",ป่าคา,C,0
c83f3eeb01e3a1a0e4e39040e3422c28,1030134,"นายบรรจง สกุลเจริญวานิช",ป่าคา,C,0
4ce3f222dca2d55e6cac97382b99ec53,1030137,"นายอานนท์ เมธีกิตติคุณ",ป่าคา,C,0
96e94386c1554363c8949f22cd3a097a,1030140,"นายชูชาติ เมธีกิตติคุณ",ป่าคา,C,0
a703dc90782336cd3526a19e334b3756,1030143,"นายยอดชาย เมธีกิตติคุณ",ป่าคา,B,0
54a940979b1d8fc92ab35235b4dfc2e3,1030145,"นายยอดเพชร เมธีกิตติคุณ",ป่าคา,B,0
4cf1f3eb6d81aa56a0ebca02b2786b19,1030149,"นางกาญจนา สกุลประสบสุข",ป่าคา,C,0
83afdaf8f41b441f87164205ec2c7287,1030154,"นายสุชาติ ปรีชาสถาพรกุล",ป่าคา,C,0
7a2b7841f2f7147558ab3cb451b37f1b,1030160,"นายสมบัติ มงคลโรจน์กุล",ป่าคา,C,0
bd1a73fa9c19d0927c2fa4fcf80d24de,1030162,"นางพิม มงคลโรจน์กุล",ป่าคา,B,0
00d230699913b6cda53c02497194b36a,1030163,"นางอรพรรณ มงคลโรจน์กุล",ป่าคา,B,0
31f4da1e2f2410c16059f0207703742b,1030167,"นายเสรี นันทบวรเกียรติ",ป่าคา,C,0
b12a22d1b98eba5f41072341b7392e7e,1030174,"นางอำภา ใจกุศลดำรง",ป่าคา,B,0
0aa51c572fb82a3425a952a47fbcdb7b,1030187,"นายพิจิตร ศักดิ์สกุลมงคล",ป่าคา,C,0
828f25eca8e550f769836c142953057e,1030188,"นายณรงค์ ธีรวุฒิโรจน์",ป่าคา,C,0
43230b0763348982b0883234f2f73f8a,1030189,"นายนฤเทพ ธีรวุฒิโรจน์",ป่าคา,C,0
a4b9ef8569f4b0a505733c5c1f6e2018,1030191,"นางวาสนา นันทบวรเกียรติ",ป่าคา,C,0
d2608c35a5ab4317373b8f984324977c,1030194,"นายยืนยง นันทบวรเกียรติ",ป่าคา,C,0
196a42bc9bfb5d728a4a59882149ac38,1070233,"นางดวงเดือน โชคสถาพรสิน",ป่าคา,C,0
430b22574bc01300c091acc8fc3c5e13,1180017,"นางปนัดดา ใจกุศลดำรงค์",ป่าคา,C,0
790c1f3268cabbd8bb63e9efd1f07f30,1190087,"นางบูซึ เพียงแล",ป่าคา,B,0
6c3f4839233b9f926ebbc712402b2173,2050248,"นายปรีชา สุขนภาสวัสดิ์",ป่าคา,C,0
42605e8dd72c1a5ffbe88b388c72b983,8050090,"นางจินดา ดวงพุทธพรกุล",ป่าคา,C,0
c35b5bbba895d8284edcfa059fa11458,2060007,"นางวิไลวรรณ วิวัฒน์ดำรง",มูเซอป่ากล้วย,C,0
520270a6a21ce16d58ef1be9183a3b69,2060015,"นายทวี อภิจิรานนท์",มูเซอป่ากล้วย,C,0
b9f42c80c579c7fdf7298b812577364a,2060018,"นายสมศักดิ์ คงวานิชกุล",มูเซอป่ากล้วย,C,0
f815178a3b3fb1b993370517aaacf8cc,2060031,"นางปราณี โสภณอรุณสุข",มูเซอป่ากล้วย,C,0
c8edc4e01aefc79e3b4eaa7f5f0993bf,2060034,"นายสถาพร อภิสิริวิทยา",มูเซอป่ากล้วย,B,0
cd898cfb88222220d0379aaee1377a6b,2060037,"นายวิชัย อภิเผ่าพงษ์",มูเซอป่ากล้วย,C,0
9093029704550e880f77bdb7f04b21c1,2060042,"นายนที อภิสุนทรสุข",มูเซอป่ากล้วย,C,0
7faf0908d9c4d7d708793dd88319568e,2060049,"นายสมศักดิ์ โสภณสุขสันต์",มูเซอป่ากล้วย,C,0
1b8c94af7fbf6d6c2bcc67dc90884fe6,2060057,"นายสรศักดิ์ อภิมงคลเลิศ",มูเซอป่ากล้วย,C,0
4d718f3c13600f2ad127fadfc9715ae6,2060061,"นายชาติชาย อภิมงคลเลิศ",มูเซอป่ากล้วย,C,0
6d5165b3d8cfb331161a191ff01e2819,2060066,"นายอุดร อภิจิรานนท์",มูเซอป่ากล้วย,C,0
285b391d3eb6659abb1c4499579b159c,2060069,"นายสุรศักดิ์ โสภณถาวรกิจ",มูเซอป่ากล้วย,C,0
4a6ec5d6f93287d663217161f96ba6e1,2060074,"นายสิทธิ์ธา อภิจิรานนท์",มูเซอป่ากล้วย,C,0
be4cb8f65a25cb1ea9a6f0e49e056bbf,2060077,"นายสมชาติ อภิเจริญผล",มูเซอป่ากล้วย,C,0
783c7889ac28efecf24aa2423f79e30d,2060083,"นางวรรณดี อภิมงคลเลิศ",มูเซอป่ากล้วย,C,0
056b29523088105288fd077954c2888e,2060096,"นายยงยุทธ อภิจิราพรสุข",มูเซอป่ากล้วย,B,0
82e2533f094fc838c312dc424f8a4424,2060105,"นายมานพ โสภณมงคลสุข",มูเซอป่ากล้วย,B,0
e9611550db9946816ffd869e0339cdbe,2060115,"นายวีรภาพ โสภณเอื้ออำนวย",มูเซอป่ากล้วย,C,0
1a8cbd738437db26b7c31cc6f1fe3e64,2060134,"นางพิมพา โสภณประยูรยศ",มูเซอป่ากล้วย,C,0
e52ee773d41f413056de18a087de6aed,2060192,"นางบื่อหมี่ อภิเผ่าพงษ์",มูเซอป่ากล้วย,C,0
9990937e96ddc328e48d0b206864dad6,2060227,"นายยงยุทธ โสภณเอื้ออำนวย",มูเซอป่ากล้วย,C,0
5e9a127a51332d27cc592fa502ab5666,2060232,"นางนาน่า โสภณเอื้ออำนวย",มูเซอป่ากล้วย,C,0
7915b003955811ca7e1d0feb9b46a803,D060002,"นายเดวิท จะทรี",มูเซอป่ากล้วย,C,0
b3ccebb0dfaf9d81bfb0e9a3c3a868fa,T000001,"นายสมพงษ์ อภิเผ่าพงษ์",มูเซอป่ากล้วย,D,0
d2f682f247ecab31db6f814645b0cdaf,T000002,"นายสรศักดิ์ อภิจิรานนท์",มูเซอป่ากล้วย,C,0
a0de4b9cfc18768b357ffa5c60fcc68f,T000003,"นายสุชาติ โสภณสุขสันต์",มูเซอป่ากล้วย,B,0
0578cb428ce769f0e78a033aa8f6e641,1040058,"นายอาเจ่อ โหว่ยแมะ",อาข่าป่ากล้วย,C,0
c9778162c97e59dba28634d22acea15c,1070016,"นางจันทร์ พิมลธิติกุล",อาข่าป่ากล้วย,B,0
592b9974584873a4f31b34cf5df0b0cc,1070024,"นางมะลิวรรณ พิมลธิติกุล",อาข่าป่ากล้วย,C,0
ccea860588a85100cca6a9564f2fd33f,1070030,"นายกมล พิมลธิติกุล",อาข่าป่ากล้วย,B,0
94470a0b2bd2c2b8c6e6f097ad7091d1,1070045,"นายชาตรี พิมลมณีกุล",อาข่าป่ากล้วย,C,0
70b2505e3de9b5cba16cd1aab64fe035,1070064,"นายพิชัย อภิสุนทรกุล",อาข่าป่ากล้วย,B,0
6c72c5655725a718689ec5404101573a,1070072,"นายสมชาย  พิมลธนสุนทร",อาข่าป่ากล้วย,C,0
4505b19ea7f9e0aa975fea6aaccc9778,1070076,"นายเผด็จ พิมลธนสุนทร",อาข่าป่ากล้วย,B,0
76dc0156a58fc2fb8c282e570eb78151,1070085,"นายฉัตรชัย พิมลรัตนลาภ",อาข่าป่ากล้วย,C,0
8ae476bec9f60c383dbbe7dc08341511,1070089,"นายชาญวิทย์ พิมลดำรงเกียรติ",อาข่าป่ากล้วย,C,0
2ef07e1603b7a02faa790f5bbac5e1fa,1070093,"นายส่องแสง พิมลดำรงค์เกียรติ",อาข่าป่ากล้วย,C,0
595b31615969761cb556b06852eee84c,1070097,"นายบรรจง พิมลดำรงค์เกียรติ",อาข่าป่ากล้วย,B,0
ada40fd4ef7ceeb7e59f23bebe3a61ad,1070098,"นางรัชนี พิมลดำรงค์เกียรติ",อาข่าป่ากล้วย,C,0
5f67be66268c30458556246232e4a5bf,1070103,"นางมาลัย พิมลดำรงค์เกียรติ",อาข่าป่ากล้วย,C,0
3892c4302201a0f34dec8b1ac43fe09d,1070105,"นายทนงศักดิ์ พิมลดำรงเกียรติ",อาข่าป่ากล้วย,B,0
fd6689b786b604e5d90c34ad80d5a6c8,1070114,"นางปราณี วิบูลวุฒิไกร",อาข่าป่ากล้วย,C,0
5a904408338994921c0bd649a2703411,1070125,"นายอุดม วิบูลจิตธรรม",อาข่าป่ากล้วย,C,0
b74277ef3202705a05308e15bdf4b8cf,1070133,"นายดาวิด รัตนเจริญผล",อาข่าป่ากล้วย,C,0
96b51be839fdc4340c410f8fc2808151,1070141,"นางวารี อภิสุนทรกุล",อาข่าป่ากล้วย,B,0
d11b015ea002d5b591b38db8911717a8,1070145,"นายนที อภิสุนทรกุล",อาข่าป่ากล้วย,B,0
6c23e6462b4580e12246d6284c9a0217,1070150,"นายสันติ วิบูลทวีทรัพย์",อาข่าป่ากล้วย,C,0
6a70cc4b292d50c35d04aa9b1ddd7095,1070152,"นายวีระพงษ์ วิบูลทวีทรัพย์",อาข่าป่ากล้วย,C,0
1ba7674a30520d6ea7b613721f927910,1070157,"นายจำนงค์ อภิสุนทรกุล",อาข่าป่ากล้วย,C,0
d51c013a78c3d812c08bf141453c89e2,1070168,"นางนิตยา อภิสุนทรกุล",อาข่าป่ากล้วย,C,0
6173da7de5e5b71f6f763533dc5e592f,1070175,"นางวันเพ็ญ วิบูลเจริญจิต",อาข่าป่ากล้วย,C,0
f04a25ea529141a6cccf54e32b0acaec,1070178,"นางพานี วิบูลเจริญจิต",อาข่าป่ากล้วย,C,0
3c8728843b719ceee991855546449b30,1070190,"นายธงชัย วิบูลจิตเจริญ",อาข่าป่ากล้วย,C,0
a66896fbfed3b575997467030364ca2d,1070204,"นางสายพิณ วิมลศิริตระกุล",อาข่าป่ากล้วย,C,0
373dde1a0007dc682fe791b712f60f46,1070205,"นายสันติ และเชอกู่",อาข่าป่ากล้วย,C,0
7c35d746105a617d225e0cae0d6fb055,1070216,"นายคงศักดิ์ อภิสุนทรกุล",อาข่าป่ากล้วย,C,0
03a7fbeeb2fcf6ca1e0259f2e36a0205,1070218,"นายศุภชัย วิบูลจิตธรรม",อาข่าป่ากล้วย,C,0
075671dcd11f0a24f4b5eabc4380445b,1070241,"นายวีระชาติ อภิสุนทรกุล",อาข่าป่ากล้วย,C,0
05dfc13d1aa1842268d9d0d946163d17,1070250,"นายสมจิตร วิบูลกิจไพศาล",อาข่าป่ากล้วย,C,0
9bafebe26a8acb33a19f3b41b2d982b6,1070252,"นายจำลอง วิบูลสิริตระกูล",อาข่าป่ากล้วย,C,0
712ab634fd568b8fc100490f1b38c356,1070287,"นายนิคม อภิสุนทรกุล",อาข่าป่ากล้วย,C,0
4660369148b225b13834ee823cd6a9e8,1070290,"นายสมบัติ พิมลดำรงเกียรติ",อาข่าป่ากล้วย,C,0
c29fb02ddfb8e1952598a137cbb94e04,1070292,"นายสมปอง พิมลดำรงเกียรติ",อาข่าป่ากล้วย,B,0
d760b058984d895b0166566a1fabc296,1070295,"นายสมหมาย พิมลรักษาเกียรติ",อาข่าป่ากล้วย,C,0
84ce75e88ad98d1e53e6fa881c5b4b98,1070297,"นายพงษ์ศักดิ์ พิมลรักษาเกียรติ",อาข่าป่ากล้วย,C,0
e191a10f5ffcc0b6b85fed28fada7c32,1070305,"นายสุชาติ อภิสุนทรกุล",อาข่าป่ากล้วย,C,0
28c846bb2816b911c644bfedce3e80d0,1070309,"นายชำนาญ อภิสุนทรกุล",อาข่าป่ากล้วย,C,0
4854501d1b8e3f231168d1baac0daa46,1070318,"นางปราณี พิมลรักษากุล",อาข่าป่ากล้วย,C,0
ea483bece27562ec9ea09d265a3dd400,1070322,"นายมานะ พิมลเกษมสิน",อาข่าป่ากล้วย,B,0
31bfd9ac8d1139f1da76d1bb9a97611c,1070328,"นายสมชาย อภิสุนทรกุล",อาข่าป่ากล้วย,B,0
56c6bd11a07e4641235a6ebf1b5843a7,1070334,"นายสมชาย(เล็ก) อภิสุนทรกุล",อาข่าป่ากล้วย,B,0
caad006f3267de79e4766c90ca337b7b,1070343,"นายสมพงษ์ วิบูลอุดมศิลป์",อาข่าป่ากล้วย,C,0
bb5604cb13c3eefef641bd4670385f48,1070349,"นายอานนท์ พิมลเกียรติยศ",อาข่าป่ากล้วย,C,0
b06aa2a3ed0fc5cc57481bb76bab9dcf,1070363,"นางดวงใจ อภิสุนทรกุล",อาข่าป่ากล้วย,C,0
52b06c835ab4640f42094ce291169459,1070370,"นางชบา อภิสุนทรกุล",อาข่าป่ากล้วย,C,0
b4d7208b0300e0b77c05e6cf14f8e0d5,1070374,"นางนภาพร วิบูลพรมงคล",อาข่าป่ากล้วย,C,0
f05edeb9d0b1aaf4320397a82ead320d,1070387,"นายดนุพล โชคฉัตร",อาข่าป่ากล้วย,C,0
42049214959ff0846a75797cface85e4,1070389,"นางศรัญญา วิบูลธิติกุล",อาข่าป่ากล้วย,C,0
194f1fc029ff301216cd5efa70cb3326,1070393,"นายสุวัฒน์ วิบูลธิติกุล",อาข่าป่ากล้วย,C,0
704c1a8642a2659e1a3d579545fa9e44,1070402,"นายอภิชาติ วิบูลพรมงคล",อาข่าป่ากล้วย,C,0
6bf40a62919d07bad302aa66cd5c37c3,1070409,"นางดวงดี พิมลเสถียรรัตน์",อาข่าป่ากล้วย,C,0
9d3804e3758c351219bf8b57c7375906,1070413,"นายนิวัติ วิบูลรักษาจิต",อาข่าป่ากล้วย,C,0
5a2648b2d39143c2d893a473a8892534,1070418,"นางนงคราญ อภิสุนทรกุล",อาข่าป่ากล้วย,C,0
bdfbec213d8f073d18220324446559f6,1070433,"นายจักรพันธ์ วิบูลเพชรดี",อาข่าป่ากล้วย,B,0
2e166d654c2bc532c5672ad61570ef17,1070435,"นายปิยะพงษ์ วิบูลเพชรดี",อาข่าป่ากล้วย,C,0
012c421148f4ec725b3938442a8943b1,1070437,"นายแดง วิบูลเจริญใจ",อาข่าป่ากล้วย,C,0
cb56313749226aefb58d3e179477b00c,1070439,"นางนัดดา อภิสุนทรกุล",อาข่าป่ากล้วย,C,0
ef5ae96a997cf32d4e08360657a70f1a,1070441,"นายชำนาญ วิบูลเจริญใจ",อาข่าป่ากล้วย,C,0
400640383f06dd3ec0620e7b853f0143,1070458,"นายทรงยศ วิบูลสถาพร",อาข่าป่ากล้วย,C,0
072fa153f1e08af98cb95d1a21d826ce,1070467,"นางนิภา วิฑูรย์กิจทวี",อาข่าป่ากล้วย,B,0
4a7f27f6b4e194beb74007fe7d360934,1070480,"นายทรงกลด อภิสุนทรกุล",อาข่าป่ากล้วย,C,0
9bad6578a1f9dbf65106ad734602a513,1070488,"นายชลอ หม่อโป๊ะกู่",อาข่าป่ากล้วย,C,0
0a9bb248c2a51a62e57848dfb6381070,1070503,"นางพิหล่า วิบูลวุฒิไกร",อาข่าป่ากล้วย,C,0
273b4aaeea3be0459af78593b67cd280,1070505,"นางจิตรา พิมลธิติกุล",อาข่าป่ากล้วย,B,0
6c15f8be2225aa72fc416a4ffcf46a54,1070524,"นางวิไลวัลย์ วิบูลทวีทรัพย์",อาข่าป่ากล้วย,C,0
d8cd4ece0a37f9a5e58523a35567159a,1070530,"นางดวงฤดี อภิสุนทรกุล",อาข่าป่ากล้วย,C,0
aa0bfb3c78ca4707ca1c0d9c1bf9451e,1070585,"นางวราพร พิมลสกุลรักษา",อาข่าป่ากล้วย,C,0
b471c51c2cead4387f56eeeafee3ff1a,1070688,"นายอาหื่อ ยาแปงกู่",อาข่าป่ากล้วย,B,0
96d6724ac6f4930471b2a845848c6584,1070696,"นางบูเยอะ วิบูลวุฒิไกร",อาข่าป่ากล้วย,B,0
31d6287566b43e749cf5a665979bba86,1070698,"นางสุชาดา วิมลสิริตระกูล",อาข่าป่ากล้วย,C,0
1e7b9c44b89924c83f832ffa18674b29,1070704,"นางหมีชู หวุ่ยเชอกู่",อาข่าป่ากล้วย,B,0
72e452d5ad7b0f9f2e21b070be786cdc,1070772,"นายอาเจาะ เชอหมื่อ",อาข่าป่ากล้วย,C,0
3021681f1a7da8ac00aa90e4d65bc6f4,1070777,"นางรัชนี วิบูลจิตรักษา",อาข่าป่ากล้วย,B,0
35d2b398d68e60bed76a60db1e482ad3,1070808,"นางสาวนันธิชา แชภูกู่",อาข่าป่ากล้วย,C,0
e90de0b4972da4fc07c2e42af782524a,1070826,"นางบุ๊นุ ยาแปลงกู่",อาข่าป่ากล้วย,B,0
42c4a62fe9718948adf3ffb44f081a40,1100195,"นางยุพา พงษ์พัชระ",อาข่าป่ากล้วย,C,0
2c64aa96516a9b038457d2db1baaa41d,1140011,"นางมาลี พิมลธิติกุล",อาข่าป่ากล้วย,C,0
91cb6dab23ae241365e7504b90ce7acb,2050030,"นางสาวมยุรา วิบูลขจรโชค",อาข่าป่ากล้วย,B,0
256e3a0b9a224bb99462fba65bf046fa,2050262,"นางนาบู ลิซือ",อาข่าป่ากล้วย,B,0
54c6e7fc2466d9678b51dfb4abe77a31,1070237,"นายฉัตรชัย วิบูลจิตรักษา","นวุติ ไซต์ 1",A,0
ec4ae9723be64e5fe356f3140304c505,1070267,"นางทัศนีย์ พิมลสกุลรักษา","นวุติ ไซต์ 1",A,0
b3338e41fba00d17ae1e25350e2410ab,1070312,"นางประทุม พิมลสุขสมบูรณ์","นวุติ ไซต์ 1",B,0
02bea3b17d84110bc6edae1a0834dc0a,1070486,"นายอาก่อง หม่อโป๊ะกู่","นวุติ ไซต์ 1",A,0
4d450df4334eadd165cec2c6c331b1bf,1070826,"นางบุ๊นุ ยาแปลงกู่","นวุติ ไซต์ 1",B,0
3ce8b7bd9f0751a2d23b05fe15ddf0e9,2050048,"นายยุทธนา จรุญโกศลสมพร","นวุติ ไซต์ 1",B,0
f42d9e87392b3a0f22b78b0782f4a885,2050073,"นางลีลาภรณ์ วิมลตระกูลศักดิ์","นวุติ ไซต์ 1",B,0
aebd9b51f952e8516efe4ae03a6c4bea,2050153,"นางนาก๊ะ ลาหู่นะ","นวุติ ไซต์ 1",C,0
367afeb7aecfc523f018d8a913822b5f,2050620,"นางแสหล่า จะโหล","นวุติ ไซต์ 1",B,0
a39171b1817b2a4114eb24108bafa5f4,2060144,"นางอรุณี โสภณดวงกมล","นวุติ ไซต์ 1",B,0
1cb2193cd7f4a5817dc5a0ed635ac9b5,2060168,"นางนาสอ ลาหู่นะ","นวุติ ไซต์ 1",B,0
79d9ab06d73fce9150cc0949f0d5bb8f,1140043,"นายจำลอง พรสุขสมสกุล",สวนป่า,A,0
c01f502edc68a16d0694d057b305c25a,1140053,"นายวิทยา อภิจำนงเจริญ",สวนป่า,A,0
fcb23947674b00f30d48d527b91cf676,1140076,"นายไพรัช อภิจรุณภิญโณ",สวนป่า,B,0
389a2ea6834feb0f02d8a2240cadc429,1140083,"นายสมพงษ์ ฟ้าหลวงขจร",สวนป่า,B,0
aaab4d307905eb82c3e5bbfebb070e96,1140093,"นายนิคม อภิไพบูลย์ผล",สวนป่า,B,0
9cd9e557555947a80e5aab98e3b24360,1140117,"นางสุมิตตรา อภิขจรเกียรติ",สวนป่า,B,0
e321c1a88ea0fd0541b3f96bd7df2469,1140162,"นางเดอะเลอะ เบทู",สวนป่า,B,0
9c8cd95c6922940eb5a37ddb61c78dfe,1140216,"นางอาเดาะ มาเยอะ",สวนป่า,B,0
a30f4bd03a6ad58696ce910b759030e9,1140254,"นางบุแอ มาเยอะ",สวนป่า,B,0
b476df8640f84fd4129efb33f7e7a1be,1140258,"นายอาทู่ เบทู",สวนป่า,B,0
a97f7a2bad001eca4df5a31f348fc660,1140383,"นางบัวเขียว อภิจำนงเจริญ",สวนป่า,B,0
8169f20edaaa80de96bfe3702c121fb9,1140490,"นางหมี่เบอ โลชา",สวนป่า,B,0
3a110e3a68853bac44c7b07d868eb3a1,1140525,"นายอาแซะ มาเยอะ",สวนป่า,B,0
744552b1bdaf943d8f90e3848b848fd5,1140619,"นายธนา ลพนากรกุล",สวนป่า,B,0
29fae87c9f81bdbac03463397f51bf0b,1190068,"นางรุจิรดา แยส่อ",สวนป่า,A,0
d0e7eb57dde8b86b7638d3e9c0034480,D140006,"นายอาทู่ มาเยอะ",สวนป่า,B,0
