﻿id,9ed66eb61355cb8daf4722900e98586a,bb5f5ab4172069827fed44ada919437a
id,ประเภทกาแฟ,ราคา
21c10c420e7d922ee902220dc7b1b1b7,โรบัสต้า,15
7098b2aae38c1f8528fa10f4bd2d7305,"อาราบิก้า GI",18
ab88d170a0257f43331e2cb240abba9f,"อาราบิก้า Non-GI",18
13823e92f02ae791d96784d7ab0389bf,จาวา,0
e5947a21342218b376a0910b04240aa4,กาโย่,0
e3e43ecd6e39d617e57f5cbf14270a78,ทิปปิก้า,0
3a1f3827ac0d05b9fae1bc32a5915110,โรบัสต้า-แปลงทดลอง,0
d7f1bc4a5d1c19497cadeb31dbca1aad,แคททูร่าจี-CaturraG-แดง,0
39cf3ff9d1e7e820533566dca54e3d6e,แคททูร่าจี-CaturraG-เหลือง,0
a61260f1434b02fcffaac784d4140d48,แคททูร่าพี-CaturraP-แดง,0
c9f069b7395b2ce8c7e967e119821c2f,แคททูร่าพี-CaturraP-เหลือง,0
bd78098da3686c9ae137dbae602763d5,โทพาซิโอ้-Topazio-แดง,0
8c9e5da3d51be1a612e73e394a482be2,โทพาซิโอ้-Topazio-เหลือง,0
eb55a3fe480810746c77dd1083decbaf,คัสติโล่-Castillo-แดง,0
c7740a5798ce77a4fd8a4df8171b6849,คัสติโล่-Castillo-เหลือง,0
a3dfb0f2513d5eb2239ceb73e63cd11e,คาติกวา-Catigua-แดง,0
40cd1d393ee658e02f382978ca350dc5,คาติกวา-Catigua-เหลือง,0
957e310737137ed84daaaa6cd2a26b3c,พาไรโซ่-Paraiso-แดง,0
6d158c7b26be57fe8159a0651b95e701,พาไรโซ่-Paraiso-เหลือง,0
f4e9d423f558638a21f6c4efbaa4d5ec,อะคาว่า-Acaua-แดง,0
c9bc51f83467725cfb453728b4257b20,อะคาว่า-Acaua-เหลือง,0
5a6e531a62809fd71c6a0ea84265a552,เกช่า-Gesha-แดง,0
7fce9a7cb0d033047a01da05853f41f3,เกช่า-Gesha-เหลือง,0
9e9da8cfb1eca65cdae876eaf8d93a9c,ทิปปิก้า-Typica-แดง,0
536e631eac7f7e3462dc7ac1469ad96f,ทิปปิก้า-Typica-เหลือง,0
